date,institutional_investors,call_put,long_open_interest_balance_volume,short_open_interest_balance_volume,net
2026-07-01,自營商,買權,15639,15078,561
2026-07-01,投信,買權,6,1441,-1435
2026-07-01,外資,買權,5395,5902,-507
2026-07-01,自營商,賣權,22109,19915,2194
2026-07-01,投信,賣權,87,0,87
2026-07-01,外資,賣權,16575,11800,4775
2026-07-02,自營商,買權,23014,21629,1385
2026-07-02,投信,買權,6,1591,-1585
2026-07-02,外資,買權,6860,7521,-661
2026-07-02,自營商,賣權,31942,23843,8099
2026-07-02,投信,賣權,87,0,87
2026-07-02,外資,賣權,19009,13429,5580
2026-07-03,自營商,買權,16489,17979,-1490
2026-07-03,投信,買權,6,1541,-1535
2026-07-03,外資,買權,5574,6215,-641
2026-07-03,自營商,賣權,24216,21502,2714
2026-07-03,投信,賣權,87,0,87
2026-07-03,外資,賣權,17877,11754,6123
2026-07-06,自營商,買權,23230,19533,3697
2026-07-06,投信,買權,6,1641,-1635
2026-07-06,外資,買權,7629,7435,194
2026-07-06,自營商,賣權,31386,24259,7127
2026-07-06,投信,賣權,87,0,87
2026-07-06,外資,賣權,20030,12310,7720
2026-07-07,自營商,買權,32448,27714,4734
2026-07-07,投信,買權,6,1741,-1735
2026-07-07,外資,買權,8852,8172,680
2026-07-07,自營商,賣權,33251,28415,4836
2026-07-07,投信,賣權,87,0,87
2026-07-07,外資,賣權,26497,16304,10193
2026-07-08,自營商,買權,19819,17176,2643
2026-07-08,投信,買權,6,1691,-1685
2026-07-08,外資,買權,6905,6306,599
2026-07-08,自營商,賣權,27170,21870,5300
2026-07-08,投信,賣權,87,0,87
2026-07-08,外資,賣權,18725,11889,6836
2026-07-09,自營商,買權,31286,22117,9169
2026-07-09,投信,買權,6,1718,-1712
2026-07-09,外資,買權,8061,7868,193
2026-07-09,自營商,賣權,34190,26176,8014
2026-07-09,投信,賣權,207,0,207
2026-07-09,外資,賣權,23060,13332,9728
2026-07-13,自營商,買權,24732,17727,7005
2026-07-13,投信,買權,6,1658,-1652
2026-07-13,外資,買權,8197,7038,1159
2026-07-13,自營商,賣權,24992,24717,275
2026-07-13,投信,賣權,87,0,87
2026-07-13,外資,賣權,21838,12135,9703
2026-07-14,自營商,買權,38609,26175,12434
2026-07-14,投信,買權,6,1648,-1642
2026-07-14,外資,買權,11369,9036,2333
2026-07-14,自營商,賣權,33064,25983,7081
2026-07-14,投信,賣權,165,0,165
2026-07-14,外資,賣權,27170,13969,13201
2026-07-15,自營商,買權,19604,9242,10362
2026-07-15,投信,買權,6,1329,-1323
2026-07-15,外資,買權,1487,3107,-1620
2026-07-15,自營商,賣權,13817,8825,4992
2026-07-15,投信,賣權,6,0,6
2026-07-15,外資,賣權,9655,6516,3139
2026-07-16,自營商,買權,27380,17601,9779
2026-07-16,投信,買權,6,1929,-1923
2026-07-16,外資,買權,3941,5861,-1920
2026-07-16,自營商,賣權,22212,12766,9446
2026-07-16,投信,賣權,106,0,106
2026-07-16,外資,賣權,13849,8763,5086
2026-07-17,自營商,買權,17238,17144,94
2026-07-17,投信,買權,6,1825,-1819
2026-07-17,外資,買權,2922,4033,-1111
2026-07-17,自營商,賣權,18577,11161,7416
2026-07-17,投信,賣權,124,0,124
2026-07-17,外資,賣權,10626,7285,3341
2026-07-20,自營商,買權,25908,22116,3792
2026-07-20,投信,買權,11,1826,-1815
2026-07-20,外資,買權,4548,5154,-606
2026-07-20,自營商,賣權,23572,13729,9843
2026-07-20,投信,賣權,129,0,129
2026-07-20,外資,賣權,11988,8680,3308
2026-07-21,自營商,買權,29607,22472,7135
2026-07-21,投信,買權,11,1984,-1973
2026-07-21,外資,買權,6890,5975,915
2026-07-21,自營商,賣權,25137,20187,4950
2026-07-21,投信,賣權,129,0,129
2026-07-21,外資,賣權,19347,12577,6770
2026-07-22,自營商,買權,18343,14181,4162
2026-07-22,投信,買權,11,1494,-1483
2026-07-22,外資,買權,4744,4327,417
2026-07-22,自營商,賣權,18070,14001,4069
2026-07-22,投信,賣權,9,0,9
2026-07-22,外資,賣權,13093,10358,2735
2026-07-23,自營商,買權,23099,17870,5229
2026-07-23,投信,買權,11,2124,-2113
2026-07-23,外資,買權,6365,5409,956
2026-07-23,自營商,賣權,23572,18888,4684
2026-07-23,投信,賣權,9,0,9
2026-07-23,外資,賣權,15564,11505,4059
2026-07-24,自營商,買權,18854,14735,4119
2026-07-24,投信,買權,11,2124,-2113
2026-07-24,外資,買權,5075,4452,623
2026-07-24,自營商,賣權,18833,15404,3429
2026-07-24,投信,賣權,9,0,9
2026-07-24,外資,賣權,13740,10764,2976
2026-07-27,自營商,買權,23939,22554,1385
2026-07-27,投信,買權,11,2314,-2303
2026-07-27,外資,買權,7023,5590,1433
2026-07-27,自營商,賣權,25456,20121,5335
2026-07-27,投信,賣權,109,0,109
2026-07-27,外資,賣權,16978,12297,4681
2026-07-28,自營商,買權,28231,30556,-2325
2026-07-28,投信,買權,11,1714,-1703
2026-07-28,外資,買權,9886,7590,2296
2026-07-28,自營商,賣權,30220,21488,8732
2026-07-28,投信,賣權,248,0,248
2026-07-28,外資,賣權,20186,14161,6025
2026-07-29,自營商,買權,23077,19626,3451
2026-07-29,投信,買權,11,2524,-2513
2026-07-29,外資,買權,5197,4958,239
2026-07-29,自營商,賣權,23138,11556,11582
2026-07-29,投信,賣權,45,0,45
2026-07-29,外資,賣權,14856,11198,3658
2026-07-30,自營商,買權,30915,24523,6392
2026-07-30,投信,買權,11,2714,-2703
2026-07-30,外資,買權,7224,7022,202
2026-07-30,自營商,賣權,24825,17827,6998
2026-07-30,投信,賣權,145,0,145
2026-07-30,外資,賣權,16433,13202,3231
2026-07-31,自營商,買權,21839,16435,5404
2026-07-31,投信,買權,9,2623,-2614
2026-07-31,外資,買權,7184,5901,1283
2026-07-31,自營商,賣權,20904,15212,5692
2026-07-31,投信,賣權,5,0,5
2026-07-31,外資,賣權,15794,12371,3423
2026-08-03,自營商,買權,28613,22883,5730
2026-08-03,投信,買權,9,2680,-2671
2026-08-03,外資,買權,9051,7374,1677
2026-08-03,自營商,賣權,24102,20725,3377
2026-08-03,投信,賣權,105,0,105
2026-08-03,外資,賣權,19163,13488,5675
2026-08-04,自營商,買權,31436,27665,3771
2026-08-04,投信,買權,9,2680,-2671
2026-08-04,外資,買權,10457,8142,2315
2026-08-04,自營商,賣權,25177,27859,-2682
2026-08-04,投信,賣權,105,0,105
2026-08-04,外資,賣權,23045,14055,8990
2026-08-05,自營商,買權,21991,16546,5445
2026-08-05,投信,買權,6,2590,-2584
2026-08-05,外資,買權,7603,5862,1741
2026-08-05,自營商,賣權,23326,16108,7218
2026-08-05,投信,賣權,5,0,5
2026-08-05,外資,賣權,14108,12687,1421
2026-08-06,自營商,買權,24847,22666,2181
2026-08-06,投信,買權,5,2830,-2825
2026-08-06,外資,買權,9345,6693,2652
2026-08-06,自營商,賣權,27613,20654,6959
2026-08-06,投信,賣權,105,0,105
2026-08-06,外資,賣權,17399,13627,3772
2026-08-07,自營商,買權,23471,18312,5159
2026-08-07,投信,買權,5,2790,-2785
2026-08-07,外資,買權,8342,5916,2426
2026-08-07,自營商,賣權,24348,15082,9266
2026-08-07,投信,賣權,5,0,5
2026-08-07,外資,賣權,15094,12587,2507
2026-08-10,自營商,買權,27155,23666,3489
2026-08-10,投信,買權,3,2830,-2827
2026-08-10,外資,買權,10406,7069,3337
2026-08-10,自營商,賣權,27528,22210,5318
2026-08-10,投信,賣權,165,0,165
2026-08-10,外資,賣權,19798,15107,4691
2026-08-11,自營商,買權,29799,25463,4336
2026-08-11,投信,買權,2,2580,-2578
2026-08-11,外資,買權,10897,7502,3395
2026-08-11,自營商,賣權,31980,28274,3706
2026-08-11,投信,賣權,165,0,165
2026-08-11,外資,賣權,21564,15765,5799
2026-08-12,自營商,買權,24294,17987,6307
2026-08-12,投信,買權,0,2380,-2380
2026-08-12,外資,買權,9764,6635,3129
2026-08-12,自營商,賣權,23059,14150,8909
2026-08-12,投信,賣權,165,0,165
2026-08-12,外資,賣權,14950,14413,537
2026-08-13,自營商,買權,26111,22791,3320
2026-08-13,投信,買權,0,2675,-2675
2026-08-13,外資,買權,11262,7383,3879
2026-08-13,自營商,賣權,26668,18637,8031
2026-08-13,投信,賣權,165,0,165
2026-08-13,外資,賣權,17111,16034,1077
2026-08-14,自營商,買權,23524,17489,6035
2026-08-14,投信,買權,0,1825,-1825
2026-08-14,外資,買權,9306,7482,1824
2026-08-14,自營商,賣權,22517,15833,6684
2026-08-14,投信,賣權,85,0,85
2026-08-14,外資,賣權,16348,15075,1273
2026-08-17,自營商,買權,28837,22478,6359
2026-08-17,投信,買權,0,2725,-2725
2026-08-17,外資,買權,10053,8504,1549
2026-08-17,自營商,賣權,24524,21783,2741
2026-08-17,投信,賣權,85,0,85
2026-08-17,外資,賣權,19283,15562,3721
2026-08-18,自營商,買權,30395,26847,3548
2026-08-18,投信,買權,0,2925,-2925
2026-08-18,外資,買權,11600,9057,2543
2026-08-18,自營商,賣權,26263,23774,2489
2026-08-18,投信,賣權,85,0,85
2026-08-18,外資,賣權,21759,16146,5613
2026-08-19,自營商,買權,15143,9827,5316
2026-08-19,投信,買權,0,2775,-2775
2026-08-19,外資,買權,2174,4369,-2195
2026-08-19,自營商,賣權,11889,12007,-118
2026-08-19,投信,賣權,0,0,0
2026-08-19,外資,賣權,4092,3825,267
2026-08-20,自營商,買權,19882,17238,2644
2026-08-20,投信,買權,6,3515,-3509
2026-08-20,外資,買權,3600,5702,-2102
2026-08-20,自營商,賣權,17403,15647,1756
2026-08-20,投信,賣權,6,0,6
2026-08-20,外資,賣權,4982,5371,-389
2026-08-21,自營商,買權,16021,11830,4191
2026-08-21,投信,買權,6,3125,-3119
2026-08-21,外資,買權,2792,5731,-2939
2026-08-21,自營商,賣權,13870,12582,1288
2026-08-21,投信,賣權,166,0,166
2026-08-21,外資,賣權,4882,4806,76
2026-08-24,自營商,買權,20078,15949,4129
2026-08-24,投信,買權,6,3745,-3739
2026-08-24,外資,買權,3613,6812,-3199
2026-08-24,自營商,賣權,16733,15241,1492
2026-08-24,投信,賣權,166,0,166
2026-08-24,外資,賣權,6288,5683,605
2026-08-25,自營商,買權,20289,18887,1402
2026-08-25,投信,買權,6,4035,-4029
2026-08-25,外資,買權,4534,7278,-2744
2026-08-25,自營商,賣權,19143,17489,1654
2026-08-25,投信,賣權,166,0,166
2026-08-25,外資,賣權,7322,6376,946
2026-08-26,自營商,買權,18206,13696,4510
2026-08-26,投信,買權,6,3735,-3729
2026-08-26,外資,買權,4191,7492,-3301
2026-08-26,自營商,賣權,15133,14958,175
2026-08-26,投信,賣權,106,0,106
2026-08-26,外資,賣權,4946,4925,21
2026-08-27,自營商,買權,21303,18601,2702
2026-08-27,投信,買權,5,3985,-3980
2026-08-27,外資,買權,5274,8767,-3493
2026-08-27,自營商,賣權,19325,19145,180
2026-08-27,投信,賣權,106,0,106
2026-08-27,外資,賣權,6827,6342,485
2026-08-28,自營商,買權,20705,13598,7107
2026-08-28,投信,買權,5,3535,-3530
2026-08-28,外資,買權,3830,8111,-4281
2026-08-28,自營商,賣權,16296,15139,1157
2026-08-28,投信,賣權,166,0,166
2026-08-28,外資,賣權,5310,5218,92
2026-08-31,自營商,買權,24555,18598,5957
2026-08-31,投信,買權,5,4317,-4312
2026-08-31,外資,買權,4641,8824,-4183
2026-08-31,自營商,賣權,20392,19621,771
2026-08-31,投信,賣權,166,0,166
2026-08-31,外資,賣權,6550,6215,335
2026-09-01,自營商,買權,29443,21389,8054
2026-09-01,投信,買權,4,4317,-4313
2026-09-01,外資,買權,6946,10384,-3438
2026-09-01,自營商,賣權,22799,26698,-3899
2026-09-01,投信,賣權,206,0,206
2026-09-01,外資,賣權,8438,6809,1629
2026-09-02,自營商,買權,26073,18332,7741
2026-09-02,投信,買權,4,4461,-4457
2026-09-02,外資,買權,4482,8174,-3692
2026-09-02,自營商,賣權,16941,16625,316
2026-09-02,投信,賣權,146,0,146
2026-09-02,外資,賣權,5245,5219,26
2026-09-03,自營商,買權,33618,24221,9397
2026-09-03,投信,買權,4,4461,-4457
2026-09-03,外資,買權,6196,9450,-3254
2026-09-03,自營商,賣權,19816,21852,-2036
2026-09-03,投信,賣權,146,0,146
2026-09-03,外資,賣權,6629,6578,51
2026-09-04,自營商,買權,22167,15515,6652
2026-09-04,投信,買權,4,4121,-4117
2026-09-04,外資,買權,5223,8621,-3398
2026-09-04,自營商,賣權,17515,18039,-524
2026-09-04,投信,賣權,106,0,106
2026-09-04,外資,賣權,5165,5725,-560
2026-09-07,自營商,買權,26098,20773,5325
2026-09-07,投信,買權,3,4417,-4414
2026-09-07,外資,買權,8039,10358,-2319
2026-09-07,自營商,賣權,21176,24613,-3437
2026-09-07,投信,賣權,106,0,106
2026-09-07,外資,賣權,7401,7377,24
2026-09-08,自營商,買權,28555,25821,2734
2026-09-08,投信,買權,2,4417,-4415
2026-09-08,外資,買權,9295,11737,-2442
2026-09-08,自營商,賣權,26391,28518,-2127
2026-09-08,投信,賣權,106,0,106
2026-09-08,外資,賣權,11034,7357,3677
2026-09-09,自營商,買權,26255,16216,10039
2026-09-09,投信,買權,2,4717,-4715
2026-09-09,外資,買權,8054,10258,-2204
2026-09-09,自營商,賣權,19117,18921,196
2026-09-09,投信,賣權,106,0,106
2026-09-09,外資,賣權,6176,5511,665
2026-09-10,自營商,買權,32059,23171,8888
2026-09-10,投信,買權,2,5231,-5229
2026-09-10,外資,買權,9433,11392,-1959
2026-09-10,自營商,賣權,23244,22253,991
2026-09-10,投信,賣權,106,0,106
2026-09-10,外資,賣權,8256,6560,1696
2026-09-11,自營商,買權,28138,18019,10119
2026-09-11,投信,買權,2,5051,-5049
2026-09-11,外資,買權,8021,10171,-2150
2026-09-11,自營商,賣權,19392,20446,-1054
2026-09-11,投信,賣權,106,0,106
2026-09-11,外資,賣權,7409,5228,2181
2026-09-14,自營商,買權,33342,21956,11386
2026-09-14,投信,買權,2,5871,-5869
2026-09-14,外資,買權,10276,11147,-871
2026-09-14,自營商,賣權,21792,25899,-4107
2026-09-14,投信,賣權,106,0,106
2026-09-14,外資,賣權,8263,6299,1964
2026-09-15,自營商,買權,36357,26026,10331
2026-09-15,投信,買權,2,6411,-6409
2026-09-15,外資,買權,11755,11935,-180
2026-09-15,自營商,賣權,23487,31130,-7643
2026-09-15,投信,賣權,106,0,106
2026-09-15,外資,賣權,9720,6915,2805
2026-09-16,自營商,買權,17896,10987,6909
2026-09-16,投信,買權,5,5471,-5466
2026-09-16,外資,買權,4408,6569,-2161
2026-09-16,自營商,賣權,12470,13616,-1146
2026-09-16,投信,賣權,5,0,5
2026-09-16,外資,賣權,3213,1871,1342
2026-09-17,自營商,買權,29063,21735,7328
2026-09-17,投信,買權,5,6358,-6353
2026-09-17,外資,買權,8674,10782,-2108
2026-09-17,自營商,賣權,17550,19316,-1766
2026-09-17,投信,賣權,5,0,5
2026-09-17,外資,賣權,7052,4380,2672
2026-09-18,自營商,買權,21349,13704,7645
2026-09-18,投信,買權,5,6598,-6593
2026-09-18,外資,買權,7608,9925,-2317
2026-09-18,自營商,賣權,14036,12080,1956
2026-09-18,投信,賣權,105,0,105
2026-09-18,外資,賣權,4402,3330,1072
2026-09-21,自營商,買權,25221,17314,7907
2026-09-21,投信,買權,3,6598,-6595
2026-09-21,外資,買權,9205,11156,-1951
2026-09-21,自營商,賣權,18190,16823,1367
2026-09-21,投信,賣權,145,0,145
2026-09-21,外資,賣權,6974,5142,1832
2026-09-22,自營商,買權,28777,24666,4111
2026-09-22,投信,買權,0,6598,-6598
2026-09-22,外資,買權,11524,12950,-1426
2026-09-22,自營商,賣權,21630,22678,-1048
2026-09-22,投信,賣權,145,0,145
2026-09-22,外資,賣權,11181,5726,5455
2026-09-23,自營商,買權,24603,12640,11963
2026-09-23,投信,買權,0,6098,-6098
2026-09-23,外資,買權,8651,10353,-1702
2026-09-23,自營商,賣權,17483,12603,4880
2026-09-23,投信,賣權,105,0,105
2026-09-23,外資,賣權,4703,3794,909
2026-09-24,自營商,買權,29360,17694,11666
2026-09-24,投信,買權,0,6748,-6748
2026-09-24,外資,買權,10099,11797,-1698
2026-09-24,自營商,賣權,23664,18723,4941
2026-09-24,投信,賣權,105,0,105
2026-09-24,外資,賣權,6705,5060,1645
2026-09-29,自營商,買權,26690,19069,7621
2026-09-29,投信,買權,0,7098,-7098
2026-09-29,外資,買權,9528,11029,-1501
2026-09-29,自營商,賣權,17960,16686,1274
2026-09-29,投信,賣權,105,0,105
2026-09-29,外資,賣權,5231,4655,576
2026-09-30,自營商,買權,21650,17499,4151
2026-09-30,投信,買權,0,5331,-5331
2026-09-30,外資,買權,9440,10681,-1241
2026-09-30,自營商,賣權,17798,13324,4474
2026-09-30,投信,賣權,105,0,105
2026-09-30,外資,賣權,4840,4170,670
