strike,call_gamma_1pct,put_gamma_1pct
25200.0,0.0,0.114
25400.0,0.0,0.004
25600.0,0.0,0.009
25800.0,0.0,0.006
26000.0,0.0,0.08
26200.0,0.0,0.005
26400.0,0.0,0.009
26600.0,0.0,0.001
26800.0,0.0,0.031
27000.0,0.0,0.005
27200.0,0.0,0.001
27400.0,0.0,0.013
27600.0,0.0,0.002
27800.0,0.0,0.011
28000.0,0.0,0.04
28200.0,0.0,0.008
28400.0,0.0,0.003
28600.0,0.0,0.007
28800.0,0.0,0.006
29000.0,0.0,0.003
29200.0,0.0,0.003
29400.0,0.0,0.006
29600.0,0.0,0.001
29800.0,0.0,0.007
30000.0,0.0,0.1
30200.0,0.0,0.003
30400.0,0.0,0.004
30600.0,0.0,0.003
30800.0,0.0,0.015
31000.0,0.0,0.039
31200.0,0.0,0.006
31400.0,0.0,0.005
31600.0,0.0,0.003
31800.0,0.001,0.249
32000.0,0.0,0.073
32200.0,0.0,0.006
32400.0,0.0,0.006
32600.0,0.0,0.023
32800.0,0.0,0.02
33000.0,0.0,0.065
33200.0,0.0,0.008
33400.0,0.0,0.021
33600.0,0.0,0.016
33800.0,0.0,0.071
33900.0,0.0,0.256
34000.0,0.0,0.169
34100.0,0.0,0.009
34200.0,0.0,0.094
34300.0,0.0,0.004
34400.0,0.0,0.002
34500.0,0.0,0.009
34600.0,0.0,0.039
34700.0,0.0,0.0
34800.0,0.0,0.047
34900.0,0.0,0.013
35000.0,0.0,0.614
35100.0,0.0,0.012
35200.0,0.0,0.029
35300.0,0.0,0.013
35400.0,0.0,0.049
35500.0,0.0,0.032
35600.0,0.0,0.146
35700.0,0.0,0.006
35800.0,0.002,0.016
35900.0,0.0,0.009
36000.0,0.0,0.716
36100.0,0.0,0.008
36200.0,0.0,0.068
36300.0,0.0,0.016
36400.0,0.0,0.092
36500.0,0.0,0.041
36600.0,0.025,0.318
36700.0,0.0,0.004
36800.0,0.0,0.259
36900.0,0.0,0.026
37000.0,0.014,1.027
37100.0,0.0,0.028
37200.0,0.0,0.102
37300.0,0.0,0.005
37400.0,0.0,0.129
37500.0,0.0,0.14
37600.0,0.008,0.144
37700.0,0.0,0.11
37800.0,0.0,0.171
37900.0,0.0,0.114
38000.0,0.092,2.291
38100.0,0.0,0.164
38200.0,0.0,0.154
38300.0,0.0,0.028
38400.0,0.007,0.27
38500.0,0.0,0.483
38600.0,0.017,0.357
38700.0,0.0,0.107
38800.0,0.0,0.307
38900.0,0.001,1.202
39000.0,0.026,2.801
39100.0,0.0,0.058
39200.0,0.0,0.095
39300.0,0.0,0.11
39400.0,0.0,0.206
39500.0,0.002,1.201
39600.0,0.0,0.298
39700.0,0.0,0.165
39800.0,0.0,0.413
39900.0,0.007,0.274
40000.0,0.137,6.375
40100.0,0.0,0.303
40200.0,0.0,0.519
40300.0,0.0,0.185
40400.0,0.01,0.23
40500.0,0.0,0.571
40600.0,0.0,0.212
40700.0,0.0,0.186
40800.0,0.178,3.624
40900.0,0.0,0.261
41000.0,0.08,3.01
41100.0,0.0,0.236
41200.0,0.0,0.659
41300.0,0.022,0.201
41400.0,0.379,0.516
41500.0,0.0,1.387
41600.0,0.176,0.554
41700.0,0.01,0.231
41800.0,0.237,0.482
41900.0,0.0,0.221
42000.0,1.078,6.685
42100.0,0.0,0.554
42200.0,0.045,1.942
42300.0,0.0,0.41
42400.0,0.023,0.425
42500.0,0.0,2.27
42600.0,0.057,0.564
42700.0,0.01,0.316
42800.0,0.083,2.258
42900.0,0.052,1.143
43000.0,1.264,17.125
43100.0,0.0,0.718
43200.0,0.035,1.588
43300.0,0.0,1.515
43400.0,0.017,1.604
43500.0,2.869,7.863
43600.0,1.025,1.864
43700.0,0.548,1.456
43800.0,3.683,5.329
43900.0,1.234,3.366
44000.0,4.542,19.857
44100.0,1.038,2.226
44200.0,0.181,3.931
44300.0,0.021,8.117
44400.0,0.506,5.681
44500.0,1.662,18.38
44600.0,4.315,7.549
44700.0,1.913,7.874
44800.0,9.393,6.514
44900.0,5.805,7.142
44950.0,0.0,0.449
45000.0,17.407,38.527
45050.0,0.0,0.038
45100.0,0.032,3.194
45150.0,0.0,0.1
45200.0,0.1,6.855
45250.0,0.0,0.102
45300.0,0.28,6.019
45350.0,0.0,0.053
45400.0,0.122,4.969
45450.0,0.0,0.058
45500.0,2.519,15.367
45550.0,0.0,0.145
45600.0,2.134,6.265
45650.0,0.001,0.144
45700.0,2.813,4.686
45750.0,0.0,0.942
45800.0,3.012,6.949
45850.0,0.0,0.165
45900.0,0.733,10.446
45950.0,0.002,0.247
46000.0,14.2,45.599
46050.0,0.019,1.033
46100.0,3.811,14.002
46150.0,0.017,0.756
46200.0,1.774,7.178
46250.0,0.033,0.659
46300.0,2.299,7.537
46350.0,0.145,0.868
46400.0,19.651,9.911
46450.0,0.138,1.509
46500.0,14.306,47.049
46550.0,0.134,3.56
46600.0,18.371,20.009
46650.0,0.037,1.705
46700.0,40.292,62.649
46750.0,0.459,2.487
46800.0,55.654,35.609
46850.0,0.426,7.504
46900.0,32.341,40.996
46950.0,0.761,5.985
47000.0,112.707,119.761
47050.0,1.428,9.826
47100.0,77.581,40.107
47150.0,2.406,18.576
47200.0,35.072,43.633
47250.0,2.877,13.088
47300.0,75.279,55.623
47350.0,4.917,16.696
47400.0,11.647,53.916
47450.0,3.372,14.555
47500.0,113.885,132.588
47550.0,7.025,17.098
47600.0,18.096,98.659
47650.0,7.218,20.983
47700.0,35.04,56.364
47750.0,3.221,13.523
47800.0,33.131,150.147
47850.0,7.164,31.787
47900.0,43.987,52.017
47950.0,7.771,32.355
48000.0,120.32,154.804
48050.0,6.351,37.189
48100.0,40.76,44.128
48150.0,23.143,20.901
48200.0,125.766,52.609
48250.0,41.913,11.582
48300.0,79.702,45.013
48350.0,26.807,15.88
48400.0,99.637,21.428
48450.0,21.311,3.816
48500.0,209.592,51.005
48550.0,31.06,2.363
48600.0,91.094,9.676
48650.0,25.661,1.711
48700.0,72.088,3.775
48750.0,16.462,0.703
48800.0,71.498,17.864
48850.0,13.983,0.892
48900.0,41.114,1.146
48950.0,16.634,2.389
49000.0,272.879,21.587
49050.0,23.018,1.901
49100.0,125.505,0.348
49150.0,25.447,0.101
49200.0,44.921,1.043
49250.0,9.024,0.091
49300.0,32.464,0.278
49350.0,10.188,0.0
49400.0,29.95,0.285
49450.0,3.43,0.068
49500.0,102.103,0.48
49550.0,6.274,0.0
49600.0,34.553,0.097
49700.0,14.054,0.071
49800.0,19.366,0.232
49900.0,8.162,0.135
50000.0,118.02,2.984
50100.0,8.888,0.064
50200.0,10.467,0.221
50300.0,5.652,0.057
50400.0,9.73,0.227
50500.0,18.852,0.0
50600.0,5.878,0.15
50700.0,5.654,0.0
50800.0,20.019,0.174
50900.0,4.34,0.0
51000.0,67.244,0.359
51100.0,4.002,0.0
51200.0,3.075,0.066
51300.0,2.498,0.04
51400.0,1.507,0.025
51500.0,16.283,0.0
51600.0,2.386,0.025
51700.0,0.953,0.032
51800.0,2.122,0.025
51900.0,1.506,0.0
52000.0,45.383,0.024
52100.0,1.423,0.0
52200.0,2.604,0.048
52300.0,0.778,0.0
52400.0,2.974,0.024
52500.0,8.581,0.0
52600.0,1.278,0.024
52700.0,0.445,0.0
52800.0,0.935,0.024
52900.0,0.261,0.0
53000.0,18.434,0.0
53100.0,0.298,0.0
53200.0,0.832,0.023
53300.0,0.716,0.0
53400.0,0.493,0.023
53500.0,0.967,0.0
53600.0,0.295,0.0
53700.0,0.301,0.0
53800.0,3.824,0.0
53900.0,2.217,0.0
54000.0,12.456,0.0
54100.0,3.163,0.0
54200.0,3.043,0.0
54300.0,2.926,0.0
54400.0,3.257,0.0
54500.0,4.075,0.0
54600.0,0.138,0.0
54700.0,0.039,0.0
54800.0,0.367,0.0
54900.0,0.303,0.0
55000.0,2.889,0.0
55100.0,0.067,0.0
55200.0,0.612,0.0
55300.0,0.019,0.0
55400.0,0.929,0.0
55600.0,0.647,0.0
55800.0,0.388,0.0
56000.0,27.774,0.0
56200.0,0.163,0.0
56400.0,0.254,0.0
56600.0,0.204,0.0
56800.0,0.253,0.0
57000.0,7.631,0.0
57200.0,0.341,1.415
57400.0,7.085,0.0
57600.0,0.016,0.0
57800.0,0.723,0.0
